digest,character
7aeae9bc21885be7c7fe2cae0dc68b9e745c31f4," "
0ea3e8ca5286cb14c57e40ca62322d886afe05e9,a
e578020bf1f9b04c8f0c22f0c360c9074f035fbd,b
127ef8e55e5379f5de6d9e791aef6044122c5e52,d
1d7c8f1ea436e65b937a35f17df4407a7aa6bc50,e
ef0fda1416e2d9828d52e7b5b33467a4313ce0aa,f
d1b43402fc13aaca20f20d10c4f5235015833947,h
e180cd9b6e37bd602bd0a678101a705a31e58754,i
9f635a0192c0d182e4542a5bb1070e6badcae222,k
b22ed105d0ab096f6c77ad7459e141e2a6f2a07c,l
1d04a172d2885ddc3a839f1f7684774ac65e0493,n
b296c855474cc67610bd1299b4bf9e4ed0dfd96e,o
dec41e7e059ad7b170818bd60885cd35a5b90e85,p
29948e9a81e3fc9fe678d449c69dccb0bf4b6058,r
05f700379383168f386efba9b70989102196dc6a,s
f036032e88dc8e60a0fe8ab6e09adaf2c3c72436,t
a7eef7d948eee34a4a7625ebd5288ae84e70253b,v
7001a5b32ed172c41f94632ceac38050c8d2073d,w
d9a5a320ab12e9b26df4305d2c1f47c91a6efc9c,G
a5afab719fc0b7a69a8ee0a86a8ef199db21237a,M
48c808af6174e8991b3b374f8d97e8cab2625350,U
