"resource","message_id","target_resource"
"29","2","33"
"29","2","35"
"29","2","37"
"29","2","39"
"29","2","41"
"29","2","43"
"29","2","45"
"29","2","47"
"29","2","49"
"29","2","51"
"29","4","183"
"29","4","185"
"29","4","187"
"29","4","189"
"29","4","191"
"29","4","193"
"29","4","195"
"29","4","197"
"29","5","571"
"29","5","573"
"29","5","575"
"29","5","577"
"29","5","579"
"29","5","581"
"29","5","583"
"29","5","585"
"29","5","587"
"29","10","589"
"29","10","591"
"29","10","593"
"29","10","595"
"29","10","597"
"29","10","599"
"29","10","601"
"29","10","603"
"29","11","545"
"29","11","547"
"29","11","549"
"29","11","551"
"29","11","553"
"29","11","555"
"29","11","557"
"29","11","559"
"29","11","561"
"29","11","563"
"29","11","565"
"29","11","567"
"29","11","569"
"29","12","225"
"29","12","227"
"29","12","229"
"29","12","231"
"29","12","233"
"29","12","235"
"29","12","237"
"29","12","239"
"29","12","241"
"29","12","243"
"29","12","245"
"29","12","247"
"29","13","89"
"29","13","93"
"29","13","95"
"29","13","97"
"29","13","99"
"29","13","101"
"29","13","103"
"29","14","249"
"29","14","251"
"29","14","253"
"29","14","255"
"29","14","257"
"29","14","259"
"29","14","261"
"29","14","263"
"29","14","265"
"29","14","267"
"29","15","269"
"29","15","271"
"29","15","273"
"29","15","275"
"29","15","277"
"29","15","279"
"29","15","281"
"29","15","283"
"29","15","285"
"29","15","287"
"29","15","289"
"29","15","291"
"29","15","293"
"29","15","295"
"29","15","297"
"29","16","299"
"29","16","301"
"29","16","303"
"29","16","305"
"29","16","307"
"29","16","309"
"29","16","311"
"29","16","313"
"29","16","315"
"29","16","317"
"29","16","319"
"29","16","321"
"29","17","323"
"29","17","325"
"29","17","327"
"29","17","329"
"29","17","331"
"29","17","333"
"29","17","335"
"29","17","337"
"29","17","339"
"29","17","341"
"29","17","343"
"29","17","345"
"29","17","347"
"29","17","349"
"29","17","351"
"29","17","353"
"29","17","355"
"29","17","357"
"29","17","359"
"29","17","361"
"29","17","363"
"29","17","365"
"29","17","367"
"29","17","369"
"29","17","371"
"29","17","373"
"29","17","375"
"29","17","377"
"29","17","379"
"29","17","381"
"29","17","383"
"29","17","385"
"29","17","387"
"29","17","389"
"29","22","105"
"29","22","107"
"29","22","109"
"29","22","111"
"29","22","113"
"29","22","115"
"29","22","117"
"29","23","423"
"29","23","425"
"29","23","427"
"29","23","429"
"29","23","431"
"29","23","433"
"29","23","435"
"29","23","437"
"29","23","439"
"29","23","441"
"29","23","443"
"29","23","445"
"29","24","1167"
"29","24","1169"
"29","24","1171"
"29","24","1173"
"29","25","119"
"29","25","121"
"29","25","123"
"29","25","127"
"29","25","129"
"29","25","131"
"29","25","133"
"29","25","135"
"29","25","137"
"29","25","139"
"29","26","79"
"29","26","81"
"29","26","83"
"29","26","85"
"29","26","87"
"29","27","1159"
"29","27","1161"
"29","27","1163"
"29","27","1165"
"29","29","1151"
"29","29","1153"
"29","29","1155"
"29","29","1157"
"29","31","1175"
"29","31","1177"
"29","31","1179"
"29","31","1181"
"29","33","1183"
"29","33","1185"
"29","33","1187"
"29","33","1189"
"29","33","1191"
"29","33","1193"
"29","37","961"
"29","37","963"
"29","37","965"
"29","37","967"
"29","37","969"
"29","37","971"
"29","37","973"
"29","37","975"
"29","37","977"
"29","37","979"
"29","37","981"
"29","37","983"
"29","37","985"
"29","37","987"
"29","37","989"
"29","37","991"
"29","37","993"
"29","37","995"
"29","37","997"
"29","37","999"
"29","37","1001"
"29","37","1003"
"29","37","1005"
"29","37","1007"
"29","37","1009"
"29","37","1011"
"29","37","1013"
"29","73","1015"
"29","73","1017"
"29","73","1019"
"29","73","1021"
"29","73","1023"
"29","73","1025"
"29","73","1027"
"29","73","1029"
"29","73","1031"
"29","73","1033"
"29","73","1035"
"29","73","1037"
"29","73","1039"
"29","73","1041"
"29","73","1043"
"29","73","1045"
"29","73","1047"
"29","73","1049"
"29","73","1051"
"29","73","1053"
"29","73","1055"
"29","73","1057"
"29","73","1059"
"29","73","1061"
"29","73","1063"
"29","73","1065"
"29","73","1067"
"29","73","1069"
"29","73","1071"
"29","73","1073"
"29","73","1075"
"29","73","1077"
"29","73","1079"
"29","73","1081"
"29","73","1083"
"29","73","1085"
"29","73","1087"
"29","73","1089"
"29","73","1091"
"29","73","1093"
"29","73","1095"
"29","73","1097"
"29","73","1099"
"29","73","1101"
"29","73","1103"
"29","73","1105"
"29","73","1107"
"29","73","1109"
"29","73","1111"
"29","73","1113"
"29","73","1115"
"29","73","1117"
"29","73","1119"
"29","73","1121"
"29","73","1123"
"29","73","1125"
"29","73","1127"
"29","73","1129"
"29","73","1131"
"29","73","1133"
"29","73","1135"
"29","73","1137"
"29","73","1139"
"29","73","1141"
"29","73","1143"
"29","73","1145"
"29","73","1147"
"29","73","1149"
