"kind","resource","sheet","flags","verify"
"scene","1195","resource-1195-scenes.csv","","yes"
"scene","1197","resource-1197-scenes.csv","","yes"
"scene","1199","resource-1199-scenes.csv","full-font","yes"
"scene","1201","resource-1201-scenes.csv","full-font","yes"
"scene","1203","resource-1203-scenes.csv","full-font","yes"
"scene","1209","resource-1209-scenes.csv","full-font","yes"
"scene","1211","resource-1211-scenes.csv","full-font","yes"
"scene","1217","resource-1217-scenes.csv","full-font","yes"
"scene","1219","resource-1219-scenes.csv","full-font","yes"
"scene","1221","resource-1221-scenes.csv","full-font","yes"
"scene","1223","resource-1223-scenes.csv","full-font","yes"
"scene","1227","resource-1227-scenes.csv","full-font","yes"
"scene","1229","resource-1229-scenes.csv","full-font","yes"
"scene","1231","resource-1231-scenes.csv","full-font","yes"
"scene","1233","resource-1233-scenes.csv","full-font","yes"
"scene","1235","resource-1235-scenes.csv","full-font","yes"
"scene","1237","resource-1237-scenes.csv","full-font","yes"
"scene","1239","resource-1239-scenes.csv","full-font","yes"
"scene","1243","resource-1243-scenes.csv","full-font","yes"
"scene","1245","resource-1245-scenes.csv","full-font","yes"
"scene","1247","resource-1247-scenes.csv","full-font","yes"
"scene","1251","resource-1251-scenes.csv","full-font","yes"
"scene","1253","resource-1253-scenes.csv","full-font","yes"
"scene","1255","resource-1255-scenes.csv","full-font","yes"
"scene","1261","resource-1261-scenes.csv","full-font","yes"
"scene","1263","resource-1263-scenes.csv","full-font","yes"
"scene","1269","resource-1269-scenes.csv","full-font","yes"
"scene","1275","resource-1275-scenes.csv","full-font","yes"
"scene","1277","resource-1277-scenes.csv","full-font","yes"
"scene","1281","resource-1281-scenes.csv","full-font","yes"
"scene","1283","resource-1283-scenes.csv","full-font","yes"
"scene","1285","resource-1285-scenes.csv","full-font","yes"
"scene","1287","resource-1287-scenes.csv","full-font","yes"
"scene","1289","resource-1289-scenes.csv","full-font","yes"
"scene","1291","resource-1291-scenes.csv","full-font","yes"
"scene","1295","resource-1295-scenes.csv","full-font","yes"
"scene","1297","resource-1297-scenes.csv","full-font","yes"
"scene","1299","resource-1299-scenes.csv","","yes"
"scene","1301","resource-1301-scenes.csv","full-font","yes"
"scene","1303","resource-1303-scenes.csv","full-font","yes"
"scene","1305","resource-1305-scenes.csv","full-font","yes"
"scene","1307","resource-1307-scenes.csv","full-font","yes"
"scene","1309","resource-1309-scenes.csv","full-font","yes"
"scene","1311","resource-1311-scenes.csv","full-font","yes"
"scene","1313","resource-1313-scenes.csv","full-font","yes"
"scene","1315","resource-1315-scenes.csv","full-font","yes"
"scene","1317","resource-1317-scenes.csv","full-font","yes"
"scene","1321","resource-1321-scenes.csv","full-font","yes"
"scene","1323","resource-1323-scenes.csv","full-font","yes"
"scene","1325","resource-1325-scenes.csv","full-font","yes"
"scene","1335","resource-1335-scenes.csv","full-font","yes"
"scene","1337","resource-1337-scenes.csv","full-font","yes"
"scene","1351","resource-1351-scenes.csv","full-font","yes"
"scene","1353","resource-1353-scenes.csv","full-font","yes"
"scene","1357","resource-1357-scenes.csv","full-font","yes"
"scene","1379","resource-1379-scenes.csv","full-font","yes"
"scene","1389","resource-1389-scenes.csv","full-font","yes"
"scene","1393","resource-1393-scenes.csv","full-font","yes"
"fontless","29","resource-0029-scenes.csv","",""
"fontless","31","resource-0031-scenes.csv","",""
"fontless","145","resource-0145-scenes.csv","",""
"fontless","147","resource-0147-scenes.csv","",""
"fontless","165","resource-0165-scenes.csv","",""
"fontless","183","resource-0183-scenes.csv","",""
"fontless","187","resource-0187-scenes.csv","",""
"fontless","191","resource-0191-scenes.csv","",""
"fontless","195","resource-0195-scenes.csv","",""
"fontless","217","resource-0217-scenes.csv","",""
"fontless","225","resource-0225-scenes.csv","",""
"fontless","241","resource-0241-scenes.csv","",""
"fontless","417","resource-0417-scenes.csv","",""
"fontless","449","resource-0449-scenes.csv","",""
"container","10","container-0010.csv","shared-font-glyphs",""
"container","24","container-0024.csv","shared-font-glyphs",""
"container","25","container-0024.csv","shared-font-glyphs",""
"container","651","container-0651.csv","shared-font-glyphs",""
"container","641","container-0641.csv","shared-font-glyphs",""
"container","642","container-0642.csv","shared-font-glyphs",""
"container","643","container-0643.csv","shared-font-glyphs",""
"container","644","container-0644.csv","shared-font-glyphs",""
"container","645","container-0645.csv","shared-font-glyphs",""
"container","646","container-0646.csv","shared-font-glyphs",""
"container","647","container-0647.csv","shared-font-glyphs",""
"container","648","container-0648.csv","shared-font-glyphs",""
"container","649","container-0649.csv","shared-font-glyphs",""
"container","650","container-0650.csv","shared-font-glyphs",""
"container","652","container-0652.csv","shared-font-glyphs",""
"container","766","container-0766.csv","shared-font-glyphs",""
"container","767","container-0767.csv","shared-font-glyphs",""
"container","768","container-0768.csv","shared-font-glyphs",""
"container","769","container-0769.csv","shared-font-glyphs",""
"container","770","container-0770.csv","shared-font-glyphs",""
"container","771","container-0771.csv","shared-font-glyphs",""
"container","772","container-0772.csv","shared-font-glyphs",""
"container","773","container-0773.csv","shared-font-glyphs",""
"container","774","container-0774.csv","shared-font-glyphs",""
"container","775","container-0775.csv","shared-font-glyphs",""
"container","776","container-0776.csv","shared-font-glyphs",""
"container","777","container-0777.csv","shared-font-glyphs",""
"container","778","container-0778.csv","shared-font-glyphs",""
"container","779","container-0779.csv","shared-font-glyphs",""
"container","780","container-0780.csv","shared-font-glyphs",""
"container","781","container-0781.csv","shared-font-glyphs",""
"container","782","container-0782.csv","shared-font-glyphs",""
"container","783","container-0783.csv","shared-font-glyphs",""
"container","784","container-0784.csv","shared-font-glyphs",""
"container","785","container-0785.csv","shared-font-glyphs",""
"container","786","container-0786.csv","shared-font-glyphs",""
"container","787","container-0787.csv","shared-font-glyphs",""
"container","788","container-0788.csv","shared-font-glyphs",""
"container","789","container-0789.csv","shared-font-glyphs",""
"container","790","container-0790.csv","shared-font-glyphs",""
"container","791","container-0791.csv","shared-font-glyphs",""
"container","792","container-0792.csv","shared-font-glyphs",""
"container","793","container-0793.csv","shared-font-glyphs",""
"container","794","container-0794.csv","shared-font-glyphs",""
"container","795","container-0795.csv","shared-font-glyphs",""
"container","796","container-0796.csv","shared-font-glyphs",""
"container","797","container-0797.csv","shared-font-glyphs",""
"container","798","container-0798.csv","shared-font-glyphs",""
"container","799","container-0799.csv","shared-font-glyphs",""
"container","800","container-0800.csv","shared-font-glyphs",""
"container","801","container-0801.csv","shared-font-glyphs",""
"container","802","container-0802.csv","shared-font-glyphs",""
"container","803","container-0803.csv","shared-font-glyphs",""
"container","804","container-0804.csv","shared-font-glyphs",""
"container","805","container-0805.csv","shared-font-glyphs",""
"container","806","container-0806.csv","shared-font-glyphs",""
"container","807","container-0807.csv","shared-font-glyphs",""
"container","808","container-0808.csv","shared-font-glyphs",""
"container","809","container-0809.csv","shared-font-glyphs",""
"container","810","container-0810.csv","shared-font-glyphs",""
"container","811","container-0811.csv","shared-font-glyphs",""
"container","812","container-0812.csv","shared-font-glyphs",""
"container","813","container-0813.csv","shared-font-glyphs",""
"container","814","container-0814.csv","shared-font-glyphs",""
"container","815","container-0815.csv","shared-font-glyphs",""
"container","816","container-0816.csv","shared-font-glyphs",""
"container","817","container-0817.csv","shared-font-glyphs",""
"container","818","container-0818.csv","shared-font-glyphs",""
"container","819","container-0819.csv","shared-font-glyphs",""
"container","820","container-0820.csv","shared-font-glyphs",""
"container","821","container-0821.csv","shared-font-glyphs",""
"container","822","container-0822.csv","shared-font-glyphs",""
"container","823","container-0823.csv","shared-font-glyphs",""
"container","824","container-0824.csv","shared-font-glyphs",""
"container","825","container-0825.csv","shared-font-glyphs",""
"container","826","container-0826.csv","shared-font-glyphs",""
"container","827","container-0827.csv","shared-font-glyphs",""
"container","828","container-0828.csv","shared-font-glyphs",""
"container","829","container-0829.csv","shared-font-glyphs",""
"container","830","container-0830.csv","shared-font-glyphs",""
"container","831","container-0831.csv","shared-font-glyphs",""
"container","832","container-0832.csv","shared-font-glyphs",""
"container","833","container-0833.csv","shared-font-glyphs",""
"container","834","container-0834.csv","shared-font-glyphs",""
"container","835","container-0835.csv","shared-font-glyphs",""
"container","836","container-0836.csv","shared-font-glyphs",""
"container","837","container-0837.csv","shared-font-glyphs",""
"container","838","container-0838.csv","shared-font-glyphs",""
"container","839","container-0839.csv","shared-font-glyphs",""
"container","840","container-0840.csv","shared-font-glyphs",""
"container","841","container-0841.csv","shared-font-glyphs",""
"container","842","container-0842.csv","shared-font-glyphs",""
"container","843","container-0843.csv","shared-font-glyphs",""
"container","844","container-0844.csv","shared-font-glyphs",""
"container","845","container-0845.csv","shared-font-glyphs",""
"container","846","container-0846.csv","shared-font-glyphs",""
"container","847","container-0847.csv","shared-font-glyphs",""
"container","848","container-0848.csv","shared-font-glyphs",""
"container","849","container-0849.csv","shared-font-glyphs",""
"container","850","container-0850.csv","shared-font-glyphs",""
"container","851","container-0851.csv","shared-font-glyphs",""
"container","852","container-0852.csv","shared-font-glyphs",""
"container","853","container-0853.csv","shared-font-glyphs",""
"container","854","container-0854.csv","shared-font-glyphs",""
"container","868","container-0024.csv","shared-font-glyphs",""
"container","869","container-0024.csv","shared-font-glyphs",""
"container","1480","container-0024.csv","shared-font-glyphs",""
"container","1481","container-0024.csv","shared-font-glyphs",""
"container","1781","container-1781.csv","shared-font-glyphs",""
"scene","33","resource-0033-scenes.csv","full-font","yes"
"scene","35","resource-0035-scenes.csv","","yes"
"scene","39","resource-0039-scenes.csv","full-font","yes"
"scene","47","resource-0047-scenes.csv","full-font","yes"
"scene","49","resource-0049-scenes.csv","full-font","yes"
"scene","57","resource-0057-scenes.csv","full-font","yes"
"scene","61","resource-0061-scenes.csv","","yes"
"scene","79","resource-0079-scenes.csv","","yes"
"scene","81","resource-0081-scenes.csv","full-font","yes"
"scene","83","resource-0083-scenes.csv","full-font","yes"
"scene","87","resource-0087-scenes.csv","full-font","yes"
"scene","89","resource-0089-scenes.csv","","yes"
"scene","91","resource-0091-scenes.csv","","yes"
"scene","99","resource-0099-scenes.csv","","yes"
"scene","101","resource-0101-scenes.csv","full-font","yes"
"scene","103","resource-0103-scenes.csv","full-font","yes"
"scene","109","resource-0109-scenes.csv","","yes"
"scene","111","resource-0111-scenes.csv","full-font","yes"
"scene","113","resource-0113-scenes.csv","full-font","yes"
"scene","121","resource-0121-scenes.csv","full-font","yes"
"scene","127","resource-0127-scenes.csv","","yes"
"scene","133","resource-0133-scenes.csv","","yes"
"scene","135","resource-0135-scenes.csv","full-font","yes"
"scene","137","resource-0137-scenes.csv","","yes"
"scene","139","resource-0139-scenes.csv","full-font","yes"
"scene","141","resource-0141-scenes.csv","full-font","yes"
"scene","143","resource-0143-scenes.csv","","yes"
"scene","161","resource-0161-scenes.csv","",""
"scene","163","resource-0163-scenes.csv","","yes"
"scene","167","resource-0167-scenes.csv","full-font","yes"
"scene","173","resource-0173-scenes.csv","","yes"
"scene","185","resource-0185-scenes.csv","","yes"
"scene","189","resource-0189-scenes.csv","","yes"
"scene","193","resource-0193-scenes.csv","","yes"
"scene","197","resource-0197-scenes.csv","full-font","yes"
"scene","219","resource-0219-scenes.csv","","yes"
"scene","245","resource-0245-scenes.csv","","yes"
"scene","263","resource-0263-scenes.csv","","yes"
"scene","265","resource-0265-scenes.csv","full-font","yes"
"scene","329","resource-0329-scenes.csv","","yes"
"scene","331","resource-0331-scenes.csv","","yes"
"scene","337","resource-0337-scenes.csv","","yes"
"scene","339","resource-0339-scenes.csv","","yes"
"scene","341","resource-0341-scenes.csv","","yes"
"scene","355","resource-0355-scenes.csv","","yes"
"scene","357","resource-0357-scenes.csv","","yes"
"scene","373","resource-0373-scenes.csv","","yes"
"scene","383","resource-0383-scenes.csv","","yes"
"scene","389","resource-0389-scenes.csv","","yes"
"scene","399","resource-0399-scenes.csv","","yes"
"scene","401","resource-0401-scenes.csv","full-font","yes"
"scene","419","resource-0419-scenes.csv","","yes"
"scene","423","resource-0423-scenes.csv","full-font","yes"
"scene","437","resource-0437-scenes.csv","full-font","yes"
"scene","557","resource-0557-scenes.csv","full-font","yes"
"scene","571","resource-0571-scenes.csv","full-font","yes"
"scene","589","resource-0589-scenes.csv","full-font","yes"
"scene","605","resource-0605-scenes.csv","","yes"
"scene","1015","resource-1015-scenes.csv","","yes"
"scene","1155","resource-1155-scenes.csv","full-font","yes"
"scene","1159","resource-1159-scenes.csv","full-font","yes"
"scene","1167","resource-1167-scenes.csv","","yes"
"scene","1169","resource-1169-scenes.csv","full-font","yes"
"scene","1183","resource-1183-scenes.csv","full-font","yes"
